<?xml version="1.0" encoding="UTF-8"?>
<project-private xmlns="http://www.netbeans.org/ns/project-private/1">
    <editor-bookmarks xmlns="http://www.netbeans.org/ns/editor-bookmarks/2" lastBookmarkId="0"/>
    <open-files xmlns="http://www.netbeans.org/ns/projectui-open-files/2">
        <group>
            <file>file:/C:/microchip/harmony/v2_06/apps/EmbeddedProjectT19/Milestone2/navigation/firmware/src/app.c</file>
            <file>file:/C:/microchip/harmony/v2_06/apps/EmbeddedProjectT19/Milestone2/navigation/firmware/src/system_config/default/system_definitions.h</file>
            <file>file:/C:/microchip/harmony/v2_06/apps/EmbeddedProjectT19/Milestone2/navigation/firmware/src/navigation_thread.c</file>
            <file>file:/C:/microchip/harmony/v2_06/apps/EmbeddedProjectT19/Milestone2/navigation/firmware/src/debug.c</file>
            <file>file:/C:/microchip/harmony/v2_06/apps/EmbeddedProjectT19/Milestone2/navigation/firmware/src/app.h</file>
            <file>file:/C:/microchip/harmony/v2_06/apps/EmbeddedProjectT19/Milestone2/navigation/firmware/src/navigation_thread.h</file>
            <file>file:/C:/microchip/harmony/v2_06/apps/EmbeddedProjectT19/Milestone2/navigation/firmware/src/debug.h</file>
            <file>file:/C:/microchip/harmony/v2_06/apps/EmbeddedProjectT19/Milestone2/navigation/firmware/src/system_config/default/system_config.h</file>
        </group>
    </open-files>
</project-private>
